Lab3, cm101, 161113120000
Lab4, cm101, 161114120000
Homework3, cm101, 161114235959
Lab1, cs200, 161120180000
Lab2, cs200, 161120180000
Lab3, cs200, 161124180000
Homework1, cs200, 161110010000
Homework2, cs200, 161111010000
Homework3, cs200, 161112010000
Test1, cs200, 170101080000
Test2, cs200, 170101080000
Lab4, it100, 161230000030
Homework1, it100, 160810130000
Homework2, it100, 160910130000
Homework3, it100, 161010130000
Homework4, it100, 161110130000
Homework5, it100, 161210130000
Lab1, it300, 151113122602
Lab2, it300, 151113122602
Lab3, it300, 151113122602
Lab4, it300, 151113122602
Homework1, it300, 151113122602
Homework2, it300, 151113122602
Homework3, it300, 151113122602
Homework4, it300, 151113122602
Homework5, it300, 151113122602
Test1, it300, 151113122602
Test2, it300, 151113122602
Lab1, sm400, 161113122602
Lab2, sm400, 161113122602
Lab3, sm400, 161113122602
Lab4, sm400, 161113122602
Homework1, sm400, 161113122602
Homework2, sm400, 161113122602
Homework3, sm400, 161113122602
Homework4, sm400, 161113122602
Homework5, sm400, 161113122602
Test1, sm400, 161113122602
Test2, sm400, 161113122602
Lab1, ti320, 161113122602
Lab2, ti320, 161113122602
Lab3, ti320, 161113122602
Lab4, ti320, 161113122602
Homework1, ti320, 161113122602
Homework2, ti320, 161113122602
Homework3, ti320, 161113122602
Homework4, ti320, 161113122602
Homework5, ti320, 161113122602
Test1, ti320, 161113122602
Test2, ti320, 161113122602
Lab1, ic180, 161113122602
Lab2, ic180, 161113122602
Lab3, ic180, 161113122602
Lab4, ic180, 161113122602
Homework1, ic180, 161113122602
Homework2, ic180, 161113122602
Homework3, ic180, 161113122602
Homework4, ic180, 161113122602
Homework5, ic180, 161113122602
Test1, ic180, 161113122602
Test2, ic180, 161113122602
Lab3, cc210, 161113122602
Lab4, cc210, 161113122602
Homework1, cc210, 161113122602
Homework5, cc210, 161113122602
